{
	"features": {
		"activity-panels": true,
		"analytics": true,
		"coupons": true,
		"customer-effort-score-tracks": true,
		"experimental-products-task": true,
		"experimental-import-products-task": true,
		"experimental-fashion-sample-products": true,
		"experimental-product-tour": true,
		"shipping-smart-defaults": true,
		"shipping-setting-tour": true,
		"homescreen": true,
		"marketing": true,
		"multichannel-marketing": true,
		"minified-js": true,
		"mobile-app-banner": true,
		"navigation": true,
		"new-product-management-experience": true,
		"onboarding": true,
		"onboarding-tasks": true,
		"payment-gateway-suggestions": true,
		"remote-inbox-notifications": true,
		"remote-free-extensions": true,
		"settings": false,
		"shipping-label-banner": true,
		"subscriptions": true,
		"store-alerts": true,
		"transient-notices": true,
		"woo-mobile-welcome": true,
		"wc-pay-promotion": true,
		"wc-pay-welcome-page": true
	}
}
